antecedents,consequents,antecedent support,consequent support,support,confidence,lift,representativity,leverage,conviction,zhangs_metric,jaccard,certainty,kulczynski
frozenset({'tea'}),frozenset({'pasta'}),0.36666666666666664,0.36666666666666664,0.26666666666666666,0.7272727272727273,1.9834710743801656,1.0,0.13222222222222224,2.3222222222222224,0.7828947368421055,0.5714285714285715,0.5693779904306221,0.7272727272727273
frozenset({'pasta'}),frozenset({'tea'}),0.36666666666666664,0.36666666666666664,0.26666666666666666,0.7272727272727273,1.9834710743801656,1.0,0.13222222222222224,2.3222222222222224,0.7828947368421055,0.5714285714285715,0.5693779904306221,0.7272727272727273
